"timestamp","version","query_time"
1536051600,"356a192b7913b04c54574d18c28d46e6395428ab",189
1536832800,"77de68daecd823babbb58edb1c8e14d7106e83bb",124
1538704800,"902ba3cda1883801594b6e1b452790cc53948fda",210
1536202800,"da4b9237bacccdf19c0760cab7aec4a8359010b0",88
1536998400,"1b6453892473a467d07372d45eb05abc2031647a",202
1536728400,"77de68daecd823babbb58edb1c8e14d7106e83bb",313
1537531200,"1b6453892473a467d07372d45eb05abc2031647a",178
1538715600,"902ba3cda1883801594b6e1b452790cc53948fda",334
1536796800,"77de68daecd823babbb58edb1c8e14d7106e83bb",233
1535673600,"356a192b7913b04c54574d18c28d46e6395428ab",93
1538269200,"902ba3cda1883801594b6e1b452790cc53948fda",334
1537056000,"1b6453892473a467d07372d45eb05abc2031647a",185
1537534800,"1b6453892473a467d07372d45eb05abc2031647a",167
1535720400,"356a192b7913b04c54574d18c28d46e6395428ab",305
1538974800,"fe5dbbcea5ce7e2988b8c69bcfdfde8904aabc1f",145
1538038800,"ac3478d69a3c81fa62e60f5c3696165a4e5e6ac4",159
1538550000,"902ba3cda1883801594b6e1b452790cc53948fda",293
1537408800,"1b6453892473a467d07372d45eb05abc2031647a",297
1537254000,"1b6453892473a467d07372d45eb05abc2031647a",296
1536523200,"da4b9237bacccdf19c0760cab7aec4a8359010b0",279
1538812800,"fe5dbbcea5ce7e2988b8c69bcfdfde8904aabc1f",215
1535896800,"356a192b7913b04c54574d18c28d46e6395428ab",239
1537808400,"ac3478d69a3c81fa62e60f5c3696165a4e5e6ac4",300
1536076800,"356a192b7913b04c54574d18c28d46e6395428ab",259
1537639200,"1b6453892473a467d07372d45eb05abc2031647a",106
1536130800,"356a192b7913b04c54574d18c28d46e6395428ab",260
1537347600,"1b6453892473a467d07372d45eb05abc2031647a",120
1538553600,"902ba3cda1883801594b6e1b452790cc53948fda",253
1536148800,"356a192b7913b04c54574d18c28d46e6395428ab",275
1538420400,"902ba3cda1883801594b6e1b452790cc53948fda",161
1535695200,"356a192b7913b04c54574d18c28d46e6395428ab",225
1537462800,"1b6453892473a467d07372d45eb05abc2031647a",303
1537714800,"ac3478d69a3c81fa62e60f5c3696165a4e5e6ac4",315
1538845200,"fe5dbbcea5ce7e2988b8c69bcfdfde8904aabc1f",246
1537290000,"1b6453892473a467d07372d45eb05abc2031647a",165
1538582400,"902ba3cda1883801594b6e1b452790cc53948fda",95
1535954400,"356a192b7913b04c54574d18c28d46e6395428ab",291
1537970400,"ac3478d69a3c81fa62e60f5c3696165a4e5e6ac4",247
1539061200,"fe5dbbcea5ce7e2988b8c69bcfdfde8904aabc1f",288
1539036000,"fe5dbbcea5ce7e2988b8c69bcfdfde8904aabc1f",203
1537765200,"ac3478d69a3c81fa62e60f5c3696165a4e5e6ac4",139
1536390000,"da4b9237bacccdf19c0760cab7aec4a8359010b0",252
1538971200,"fe5dbbcea5ce7e2988b8c69bcfdfde8904aabc1f",240
1535932800,"356a192b7913b04c54574d18c28d46e6395428ab",199
1538636400,"902ba3cda1883801594b6e1b452790cc53948fda",231
1535821200,"356a192b7913b04c54574d18c28d46e6395428ab",137
1537221600,"1b6453892473a467d07372d45eb05abc2031647a",87
1538470800,"902ba3cda1883801594b6e1b452790cc53948fda",208
1535785200,"356a192b7913b04c54574d18c28d46e6395428ab",245
1537149600,"1b6453892473a467d07372d45eb05abc2031647a",154
1537279200,"1b6453892473a467d07372d45eb05abc2031647a",159
1538427600,"902ba3cda1883801594b6e1b452790cc53948fda",134
1538445600,"902ba3cda1883801594b6e1b452790cc53948fda",190
1536141600,"356a192b7913b04c54574d18c28d46e6395428ab",216
1535724000,"356a192b7913b04c54574d18c28d46e6395428ab",148
1539057600,"fe5dbbcea5ce7e2988b8c69bcfdfde8904aabc1f",269
1537480800,"1b6453892473a467d07372d45eb05abc2031647a",284
1538215200,"c1dfd96eea8cc2b62785275bca38ac261256e278",199
1536109200,"356a192b7913b04c54574d18c28d46e6395428ab",231
1538672400,"902ba3cda1883801594b6e1b452790cc53948fda",206
1537725600,"ac3478d69a3c81fa62e60f5c3696165a4e5e6ac4",272
1537282800,"1b6453892473a467d07372d45eb05abc2031647a",202
1536368400,"da4b9237bacccdf19c0760cab7aec4a8359010b0",153
1537160400,"1b6453892473a467d07372d45eb05abc2031647a",102
1536080400,"356a192b7913b04c54574d18c28d46e6395428ab",183
1536807600,"77de68daecd823babbb58edb1c8e14d7106e83bb",202
1538622000,"902ba3cda1883801594b6e1b452790cc53948fda",320
1538776800,"902ba3cda1883801594b6e1b452790cc53948fda",118
1538190000,"c1dfd96eea8cc2b62785275bca38ac261256e278",91
1538337600,"902ba3cda1883801594b6e1b452790cc53948fda",175
1535968800,"356a192b7913b04c54574d18c28d46e6395428ab",207
1538586000,"902ba3cda1883801594b6e1b452790cc53948fda",287
1538157600,"ac3478d69a3c81fa62e60f5c3696165a4e5e6ac4",182
1536112800,"356a192b7913b04c54574d18c28d46e6395428ab",249
1535788800,"356a192b7913b04c54574d18c28d46e6395428ab",134
1536739200,"77de68daecd823babbb58edb1c8e14d7106e83bb",220
1538791200,"fe5dbbcea5ce7e2988b8c69bcfdfde8904aabc1f",299
1536519600,"da4b9237bacccdf19c0760cab7aec4a8359010b0",248
1538298000,"902ba3cda1883801594b6e1b452790cc53948fda",228
1538643600,"902ba3cda1883801594b6e1b452790cc53948fda",191
1537873200,"ac3478d69a3c81fa62e60f5c3696165a4e5e6ac4",285
1538665200,"902ba3cda1883801594b6e1b452790cc53948fda",279
1536156000,"356a192b7913b04c54574d18c28d46e6395428ab",250
1537581600,"1b6453892473a467d07372d45eb05abc2031647a",97
1538884800,"fe5dbbcea5ce7e2988b8c69bcfdfde8904aabc1f",270
1538773200,"902ba3cda1883801594b6e1b452790cc53948fda",290
1538272800,"902ba3cda1883801594b6e1b452790cc53948fda",155
1537084800,"1b6453892473a467d07372d45eb05abc2031647a",140
1537599600,"1b6453892473a467d07372d45eb05abc2031647a",276
1536026400,"356a192b7913b04c54574d18c28d46e6395428ab",328
1536598800,"da4b9237bacccdf19c0760cab7aec4a8359010b0",121
1536220800,"da4b9237bacccdf19c0760cab7aec4a8359010b0",103
1538913600,"fe5dbbcea5ce7e2988b8c69bcfdfde8904aabc1f",282
1538046000,"ac3478d69a3c81fa62e60f5c3696165a4e5e6ac4",226
1539158400,"0ade7c2cf97f75d009975f4d720d1fa6c19f4897",239
1537088400,"1b6453892473a467d07372d45eb05abc2031647a",94
1537624800,"1b6453892473a467d07372d45eb05abc2031647a",148
1537862400,"ac3478d69a3c81fa62e60f5c3696165a4e5e6ac4",158
1536836400,"77de68daecd823babbb58edb1c8e14d7106e83bb",286
1538262000,"902ba3cda1883801594b6e1b452790cc53948fda",225
1537012800,"1b6453892473a467d07372d45eb05abc2031647a",280
1536195600,"da4b9237bacccdf19c0760cab7aec4a8359010b0",260
1538744400,"902ba3cda1883801594b6e1b452790cc53948fda",260
1535713200,"356a192b7913b04c54574d18c28d46e6395428ab",206
1535702400,"356a192b7913b04c54574d18c28d46e6395428ab",125
1539165600,"0ade7c2cf97f75d009975f4d720d1fa6c19f4897",289
1538593200,"902ba3cda1883801594b6e1b452790cc53948fda",152
1537063200,"1b6453892473a467d07372d45eb05abc2031647a",148
1536343200,"da4b9237bacccdf19c0760cab7aec4a8359010b0",253
1535842800,"356a192b7913b04c54574d18c28d46e6395428ab",182
1538787600,"fe5dbbcea5ce7e2988b8c69bcfdfde8904aabc1f",269
1538006400,"ac3478d69a3c81fa62e60f5c3696165a4e5e6ac4",203
1535698800,"356a192b7913b04c54574d18c28d46e6395428ab",195
1536238800,"da4b9237bacccdf19c0760cab7aec4a8359010b0",212
1536426000,"da4b9237bacccdf19c0760cab7aec4a8359010b0",170
1537426800,"1b6453892473a467d07372d45eb05abc2031647a",301
1538546400,"902ba3cda1883801594b6e1b452790cc53948fda",263
1538391600,"902ba3cda1883801594b6e1b452790cc53948fda",88
1535950800,"356a192b7913b04c54574d18c28d46e6395428ab",315
1537066800,"1b6453892473a467d07372d45eb05abc2031647a",279
1536534000,"da4b9237bacccdf19c0760cab7aec4a8359010b0",207
1537542000,"1b6453892473a467d07372d45eb05abc2031647a",181
1538820000,"fe5dbbcea5ce7e2988b8c69bcfdfde8904aabc1f",303
1537315200,"1b6453892473a467d07372d45eb05abc2031647a",137
1536480000,"da4b9237bacccdf19c0760cab7aec4a8359010b0",307
1537704000,"ac3478d69a3c81fa62e60f5c3696165a4e5e6ac4",265
1537110000,"1b6453892473a467d07372d45eb05abc2031647a",221
1537304400,"1b6453892473a467d07372d45eb05abc2031647a",334
1537225200,"1b6453892473a467d07372d45eb05abc2031647a",201
1538488800,"902ba3cda1883801594b6e1b452790cc53948fda",323
1538175600,"c1dfd96eea8cc2b62785275bca38ac261256e278",184
1537257600,"1b6453892473a467d07372d45eb05abc2031647a",296
1537182000,"1b6453892473a467d07372d45eb05abc2031647a",245
1538740800,"902ba3cda1883801594b6e1b452790cc53948fda",248
1536494400,"da4b9237bacccdf19c0760cab7aec4a8359010b0",222
1538164800,"ac3478d69a3c81fa62e60f5c3696165a4e5e6ac4",335
1537905600,"ac3478d69a3c81fa62e60f5c3696165a4e5e6ac4",86
1537657200,"ac3478d69a3c81fa62e60f5c3696165a4e5e6ac4",91
1536307200,"da4b9237bacccdf19c0760cab7aec4a8359010b0",144
1537884000,"ac3478d69a3c81fa62e60f5c3696165a4e5e6ac4",301
1537797600,"ac3478d69a3c81fa62e60f5c3696165a4e5e6ac4",243
1539021600,"fe5dbbcea5ce7e2988b8c69bcfdfde8904aabc1f",230
1536717600,"77de68daecd823babbb58edb1c8e14d7106e83bb",218
1536418800,"da4b9237bacccdf19c0760cab7aec4a8359010b0",230
1536624000,"da4b9237bacccdf19c0760cab7aec4a8359010b0",331
1537671600,"ac3478d69a3c81fa62e60f5c3696165a4e5e6ac4",325
1536084000,"356a192b7913b04c54574d18c28d46e6395428ab",212
1538499600,"902ba3cda1883801594b6e1b452790cc53948fda",327
1537077600,"1b6453892473a467d07372d45eb05abc2031647a",253
1537743600,"ac3478d69a3c81fa62e60f5c3696165a4e5e6ac4",91
1538784000,"fe5dbbcea5ce7e2988b8c69bcfdfde8904aabc1f",230
1537376400,"1b6453892473a467d07372d45eb05abc2031647a",134
1536066000,"356a192b7913b04c54574d18c28d46e6395428ab",169
1537102800,"1b6453892473a467d07372d45eb05abc2031647a",105
1536177600,"356a192b7913b04c54574d18c28d46e6395428ab",89
1538431200,"902ba3cda1883801594b6e1b452790cc53948fda",124
1536087600,"356a192b7913b04c54574d18c28d46e6395428ab",321
1536069600,"356a192b7913b04c54574d18c28d46e6395428ab",101
1536584400,"da4b9237bacccdf19c0760cab7aec4a8359010b0",104
1538280000,"902ba3cda1883801594b6e1b452790cc53948fda",155
1535605200,"356a192b7913b04c54574d18c28d46e6395428ab",149
1537484400,"1b6453892473a467d07372d45eb05abc2031647a",229
1536562800,"da4b9237bacccdf19c0760cab7aec4a8359010b0",225
1538193600,"c1dfd96eea8cc2b62785275bca38ac261256e278",304
1536037200,"356a192b7913b04c54574d18c28d46e6395428ab",187
1538395200,"902ba3cda1883801594b6e1b452790cc53948fda",173
1538294400,"902ba3cda1883801594b6e1b452790cc53948fda",106
1536706800,"77de68daecd823babbb58edb1c8e14d7106e83bb",207
1535900400,"356a192b7913b04c54574d18c28d46e6395428ab",139
1537164000,"1b6453892473a467d07372d45eb05abc2031647a",269
1539169200,"0ade7c2cf97f75d009975f4d720d1fa6c19f4897",335
1537779600,"ac3478d69a3c81fa62e60f5c3696165a4e5e6ac4",124
1538852400,"fe5dbbcea5ce7e2988b8c69bcfdfde8904aabc1f",114
1536850800,"77de68daecd823babbb58edb1c8e14d7106e83bb",325
1539032400,"fe5dbbcea5ce7e2988b8c69bcfdfde8904aabc1f",166
1536994800,"1b6453892473a467d07372d45eb05abc2031647a",201
1536674400,"da4b9237bacccdf19c0760cab7aec4a8359010b0",99
1537855200,"ac3478d69a3c81fa62e60f5c3696165a4e5e6ac4",244
1537459200,"1b6453892473a467d07372d45eb05abc2031647a",242
1538690400,"902ba3cda1883801594b6e1b452790cc53948fda",265
1538982000,"fe5dbbcea5ce7e2988b8c69bcfdfde8904aabc1f",299
1535716800,"356a192b7913b04c54574d18c28d46e6395428ab",325
1538978400,"fe5dbbcea5ce7e2988b8c69bcfdfde8904aabc1f",261
1537963200,"ac3478d69a3c81fa62e60f5c3696165a4e5e6ac4",260
1536930000,"1b6453892473a467d07372d45eb05abc2031647a",259
1538946000,"fe5dbbcea5ce7e2988b8c69bcfdfde8904aabc1f",173
1538442000,"902ba3cda1883801594b6e1b452790cc53948fda",107
1538132400,"ac3478d69a3c81fa62e60f5c3696165a4e5e6ac4",250
1538510400,"902ba3cda1883801594b6e1b452790cc53948fda",130
1536228000,"da4b9237bacccdf19c0760cab7aec4a8359010b0",87
1537131600,"1b6453892473a467d07372d45eb05abc2031647a",130
1537851600,"ac3478d69a3c81fa62e60f5c3696165a4e5e6ac4",152
1535641200,"356a192b7913b04c54574d18c28d46e6395428ab",196
1536102000,"356a192b7913b04c54574d18c28d46e6395428ab",237
1535961600,"356a192b7913b04c54574d18c28d46e6395428ab",253
1538575200,"902ba3cda1883801594b6e1b452790cc53948fda",184
1538182800,"c1dfd96eea8cc2b62785275bca38ac261256e278",213
1537124400,"1b6453892473a467d07372d45eb05abc2031647a",264
1535760000,"356a192b7913b04c54574d18c28d46e6395428ab",164
1535918400,"356a192b7913b04c54574d18c28d46e6395428ab",224
1538870400,"fe5dbbcea5ce7e2988b8c69bcfdfde8904aabc1f",137
1538683200,"902ba3cda1883801594b6e1b452790cc53948fda",165
1538838000,"fe5dbbcea5ce7e2988b8c69bcfdfde8904aabc1f",340
1538964000,"fe5dbbcea5ce7e2988b8c69bcfdfde8904aabc1f",278
1537934400,"ac3478d69a3c81fa62e60f5c3696165a4e5e6ac4",283
1538406000,"902ba3cda1883801594b6e1b452790cc53948fda",313
1537887600,"ac3478d69a3c81fa62e60f5c3696165a4e5e6ac4",149
1536040800,"356a192b7913b04c54574d18c28d46e6395428ab",201
1537984800,"ac3478d69a3c81fa62e60f5c3696165a4e5e6ac4",222
1536552000,"da4b9237bacccdf19c0760cab7aec4a8359010b0",114
1537326000,"1b6453892473a467d07372d45eb05abc2031647a",233
1536879600,"1b6453892473a467d07372d45eb05abc2031647a",215
1538535600,"902ba3cda1883801594b6e1b452790cc53948fda",246
1536966000,"1b6453892473a467d07372d45eb05abc2031647a",89
1538611200,"902ba3cda1883801594b6e1b452790cc53948fda",221
1535824800,"356a192b7913b04c54574d18c28d46e6395428ab",247
1538877600,"fe5dbbcea5ce7e2988b8c69bcfdfde8904aabc1f",127
1538935200,"fe5dbbcea5ce7e2988b8c69bcfdfde8904aabc1f",202
1537092000,"1b6453892473a467d07372d45eb05abc2031647a",273
1536919200,"1b6453892473a467d07372d45eb05abc2031647a",302
1537632000,"1b6453892473a467d07372d45eb05abc2031647a",107
1538726400,"902ba3cda1883801594b6e1b452790cc53948fda",301
1537560000,"1b6453892473a467d07372d45eb05abc2031647a",155
1538823600,"fe5dbbcea5ce7e2988b8c69bcfdfde8904aabc1f",255
1536508800,"da4b9237bacccdf19c0760cab7aec4a8359010b0",217
1537830000,"ac3478d69a3c81fa62e60f5c3696165a4e5e6ac4",340
1537038000,"1b6453892473a467d07372d45eb05abc2031647a",281
1538748000,"902ba3cda1883801594b6e1b452790cc53948fda",308
1538802000,"fe5dbbcea5ce7e2988b8c69bcfdfde8904aabc1f",256
1538902800,"fe5dbbcea5ce7e2988b8c69bcfdfde8904aabc1f",308
1539075600,"fe5dbbcea5ce7e2988b8c69bcfdfde8904aabc1f",184
1538240400,"c1dfd96eea8cc2b62785275bca38ac261256e278",141
1537927200,"ac3478d69a3c81fa62e60f5c3696165a4e5e6ac4",310
1538139600,"ac3478d69a3c81fa62e60f5c3696165a4e5e6ac4",184
1539043200,"fe5dbbcea5ce7e2988b8c69bcfdfde8904aabc1f",340
1537635600,"1b6453892473a467d07372d45eb05abc2031647a",287
1536516000,"da4b9237bacccdf19c0760cab7aec4a8359010b0",200
1538276400,"902ba3cda1883801594b6e1b452790cc53948fda",265
1537833600,"ac3478d69a3c81fa62e60f5c3696165a4e5e6ac4",259
1536469200,"da4b9237bacccdf19c0760cab7aec4a8359010b0",130
1536490800,"da4b9237bacccdf19c0760cab7aec4a8359010b0",281
1537106400,"1b6453892473a467d07372d45eb05abc2031647a",305
1536746400,"77de68daecd823babbb58edb1c8e14d7106e83bb",141
1537200000,"1b6453892473a467d07372d45eb05abc2031647a",336
1535706000,"356a192b7913b04c54574d18c28d46e6395428ab",307
1538640000,"902ba3cda1883801594b6e1b452790cc53948fda",223
1538762400,"902ba3cda1883801594b6e1b452790cc53948fda",282
1536642000,"da4b9237bacccdf19c0760cab7aec4a8359010b0",86
1535688000,"356a192b7913b04c54574d18c28d46e6395428ab",304
1538208000,"c1dfd96eea8cc2b62785275bca38ac261256e278",235
1538074800,"ac3478d69a3c81fa62e60f5c3696165a4e5e6ac4",117
1539118800,"fe5dbbcea5ce7e2988b8c69bcfdfde8904aabc1f",186
1539151200,"0ade7c2cf97f75d009975f4d720d1fa6c19f4897",187
1537812000,"ac3478d69a3c81fa62e60f5c3696165a4e5e6ac4",96
1536602400,"da4b9237bacccdf19c0760cab7aec4a8359010b0",259
1536620400,"da4b9237bacccdf19c0760cab7aec4a8359010b0",320
1538344800,"902ba3cda1883801594b6e1b452790cc53948fda",98
1535965200,"356a192b7913b04c54574d18c28d46e6395428ab",280
1539018000,"fe5dbbcea5ce7e2988b8c69bcfdfde8904aabc1f",110
1538316000,"902ba3cda1883801594b6e1b452790cc53948fda",189
1538809200,"fe5dbbcea5ce7e2988b8c69bcfdfde8904aabc1f",122
1536163200,"356a192b7913b04c54574d18c28d46e6395428ab",246
1535839200,"356a192b7913b04c54574d18c28d46e6395428ab",172
1535616000,"356a192b7913b04c54574d18c28d46e6395428ab",230
1535634000,"356a192b7913b04c54574d18c28d46e6395428ab",215
1537740000,"ac3478d69a3c81fa62e60f5c3696165a4e5e6ac4",275
1538848800,"fe5dbbcea5ce7e2988b8c69bcfdfde8904aabc1f",117
1538096400,"ac3478d69a3c81fa62e60f5c3696165a4e5e6ac4",254
1537650000,"1b6453892473a467d07372d45eb05abc2031647a",271
1535878800,"356a192b7913b04c54574d18c28d46e6395428ab",97
1538150400,"ac3478d69a3c81fa62e60f5c3696165a4e5e6ac4",263
1537642800,"1b6453892473a467d07372d45eb05abc2031647a",104
1537628400,"1b6453892473a467d07372d45eb05abc2031647a",283
1537891200,"ac3478d69a3c81fa62e60f5c3696165a4e5e6ac4",314
1535727600,"356a192b7913b04c54574d18c28d46e6395428ab",196
1536570000,"da4b9237bacccdf19c0760cab7aec4a8359010b0",307
1537156800,"1b6453892473a467d07372d45eb05abc2031647a",159
1537174800,"1b6453892473a467d07372d45eb05abc2031647a",172
1537563600,"1b6453892473a467d07372d45eb05abc2031647a",220
1537322400,"1b6453892473a467d07372d45eb05abc2031647a",320
1538449200,"902ba3cda1883801594b6e1b452790cc53948fda",270
1537466400,"1b6453892473a467d07372d45eb05abc2031647a",230
1536984000,"1b6453892473a467d07372d45eb05abc2031647a",206
1538290800,"902ba3cda1883801594b6e1b452790cc53948fda",150
1537678800,"ac3478d69a3c81fa62e60f5c3696165a4e5e6ac4",108
1536408000,"da4b9237bacccdf19c0760cab7aec4a8359010b0",195
1536670800,"da4b9237bacccdf19c0760cab7aec4a8359010b0",162
1537578000,"1b6453892473a467d07372d45eb05abc2031647a",335
1537362000,"1b6453892473a467d07372d45eb05abc2031647a",162
1537909200,"ac3478d69a3c81fa62e60f5c3696165a4e5e6ac4",152
1536393600,"da4b9237bacccdf19c0760cab7aec4a8359010b0",249
1536742800,"77de68daecd823babbb58edb1c8e14d7106e83bb",218
1536735600,"77de68daecd823babbb58edb1c8e14d7106e83bb",128
1535922000,"356a192b7913b04c54574d18c28d46e6395428ab",114
1539140400,"0ade7c2cf97f75d009975f4d720d1fa6c19f4897",216
1536764400,"77de68daecd823babbb58edb1c8e14d7106e83bb",91
1536120000,"356a192b7913b04c54574d18c28d46e6395428ab",328
1538733600,"902ba3cda1883801594b6e1b452790cc53948fda",93
1536822000,"77de68daecd823babbb58edb1c8e14d7106e83bb",293
1536958800,"1b6453892473a467d07372d45eb05abc2031647a",129
1536526800,"da4b9237bacccdf19c0760cab7aec4a8359010b0",166
1537318800,"1b6453892473a467d07372d45eb05abc2031647a",318
1538506800,"902ba3cda1883801594b6e1b452790cc53948fda",323
1537448400,"1b6453892473a467d07372d45eb05abc2031647a",253
1537239600,"1b6453892473a467d07372d45eb05abc2031647a",310
1537236000,"1b6453892473a467d07372d45eb05abc2031647a",115
1539050400,"fe5dbbcea5ce7e2988b8c69bcfdfde8904aabc1f",273
1538204400,"c1dfd96eea8cc2b62785275bca38ac261256e278",141
1537945200,"ac3478d69a3c81fa62e60f5c3696165a4e5e6ac4",232
1538211600,"c1dfd96eea8cc2b62785275bca38ac261256e278",166
1537866000,"ac3478d69a3c81fa62e60f5c3696165a4e5e6ac4",185
1538794800,"fe5dbbcea5ce7e2988b8c69bcfdfde8904aabc1f",127
1537585200,"1b6453892473a467d07372d45eb05abc2031647a",110
1538866800,"fe5dbbcea5ce7e2988b8c69bcfdfde8904aabc1f",189
1537592400,"1b6453892473a467d07372d45eb05abc2031647a",198
1536789600,"77de68daecd823babbb58edb1c8e14d7106e83bb",230
1539014400,"fe5dbbcea5ce7e2988b8c69bcfdfde8904aabc1f",271
1537506000,"1b6453892473a467d07372d45eb05abc2031647a",262
1537412400,"1b6453892473a467d07372d45eb05abc2031647a",276
1536004800,"356a192b7913b04c54574d18c28d46e6395428ab",209
1535745600,"356a192b7913b04c54574d18c28d46e6395428ab",127
1537192800,"1b6453892473a467d07372d45eb05abc2031647a",240
1538949600,"fe5dbbcea5ce7e2988b8c69bcfdfde8904aabc1f",95
1538647200,"902ba3cda1883801594b6e1b452790cc53948fda",302
1537898400,"ac3478d69a3c81fa62e60f5c3696165a4e5e6ac4",222
1537477200,"1b6453892473a467d07372d45eb05abc2031647a",102
1535666400,"356a192b7913b04c54574d18c28d46e6395428ab",336
1537405200,"1b6453892473a467d07372d45eb05abc2031647a",295
1536876000,"77de68daecd823babbb58edb1c8e14d7106e83bb",336
1537372800,"1b6453892473a467d07372d45eb05abc2031647a",242
1538625600,"902ba3cda1883801594b6e1b452790cc53948fda",297
1535756400,"356a192b7913b04c54574d18c28d46e6395428ab",171
1536278400,"da4b9237bacccdf19c0760cab7aec4a8359010b0",216
1539126000,"0ade7c2cf97f75d009975f4d720d1fa6c19f4897",286
1536105600,"356a192b7913b04c54574d18c28d46e6395428ab",224
1536462000,"da4b9237bacccdf19c0760cab7aec4a8359010b0",226
1537498800,"1b6453892473a467d07372d45eb05abc2031647a",259
1535814000,"356a192b7913b04c54574d18c28d46e6395428ab",195
1537675200,"ac3478d69a3c81fa62e60f5c3696165a4e5e6ac4",278
1538305200,"902ba3cda1883801594b6e1b452790cc53948fda",117
1536397200,"da4b9237bacccdf19c0760cab7aec4a8359010b0",157
1538899200,"fe5dbbcea5ce7e2988b8c69bcfdfde8904aabc1f",275
1538524800,"902ba3cda1883801594b6e1b452790cc53948fda",211
1537614000,"1b6453892473a467d07372d45eb05abc2031647a",200
1536595200,"da4b9237bacccdf19c0760cab7aec4a8359010b0",261
1537218000,"1b6453892473a467d07372d45eb05abc2031647a",127
1536274800,"da4b9237bacccdf19c0760cab7aec4a8359010b0",307
1536775200,"77de68daecd823babbb58edb1c8e14d7106e83bb",107
1538200800,"c1dfd96eea8cc2b62785275bca38ac261256e278",264
1539108000,"fe5dbbcea5ce7e2988b8c69bcfdfde8904aabc1f",274
1537052400,"1b6453892473a467d07372d45eb05abc2031647a",152
1536854400,"77de68daecd823babbb58edb1c8e14d7106e83bb",321
1536332400,"da4b9237bacccdf19c0760cab7aec4a8359010b0",302
1537232400,"1b6453892473a467d07372d45eb05abc2031647a",303
1535623200,"356a192b7913b04c54574d18c28d46e6395428ab",311
1538938800,"fe5dbbcea5ce7e2988b8c69bcfdfde8904aabc1f",270
1538881200,"fe5dbbcea5ce7e2988b8c69bcfdfde8904aabc1f",281
1536487200,"da4b9237bacccdf19c0760cab7aec4a8359010b0",295
1538424000,"902ba3cda1883801594b6e1b452790cc53948fda",268
1537286400,"1b6453892473a467d07372d45eb05abc2031647a",309
1538917200,"fe5dbbcea5ce7e2988b8c69bcfdfde8904aabc1f",146
1536231600,"da4b9237bacccdf19c0760cab7aec4a8359010b0",149
1537502400,"1b6453892473a467d07372d45eb05abc2031647a",273
1537128000,"1b6453892473a467d07372d45eb05abc2031647a",331
1537095600,"1b6453892473a467d07372d45eb05abc2031647a",108
1537606800,"1b6453892473a467d07372d45eb05abc2031647a",111
1535864400,"356a192b7913b04c54574d18c28d46e6395428ab",115
1537178400,"1b6453892473a467d07372d45eb05abc2031647a",238
1537790400,"ac3478d69a3c81fa62e60f5c3696165a4e5e6ac4",280
1536404400,"da4b9237bacccdf19c0760cab7aec4a8359010b0",129
1538712000,"902ba3cda1883801594b6e1b452790cc53948fda",253
1536339600,"da4b9237bacccdf19c0760cab7aec4a8359010b0",276
1536692400,"da4b9237bacccdf19c0760cab7aec4a8359010b0",205
1535914800,"356a192b7913b04c54574d18c28d46e6395428ab",324
1537837200,"ac3478d69a3c81fa62e60f5c3696165a4e5e6ac4",114
1535742000,"356a192b7913b04c54574d18c28d46e6395428ab",266
1535792400,"356a192b7913b04c54574d18c28d46e6395428ab",156
1538816400,"fe5dbbcea5ce7e2988b8c69bcfdfde8904aabc1f",124
1537210800,"1b6453892473a467d07372d45eb05abc2031647a",86
1538092800,"ac3478d69a3c81fa62e60f5c3696165a4e5e6ac4",90
1537750800,"ac3478d69a3c81fa62e60f5c3696165a4e5e6ac4",163
1536645600,"da4b9237bacccdf19c0760cab7aec4a8359010b0",291
1539147600,"0ade7c2cf97f75d009975f4d720d1fa6c19f4897",293
1538827200,"fe5dbbcea5ce7e2988b8c69bcfdfde8904aabc1f",203
1538056800,"ac3478d69a3c81fa62e60f5c3696165a4e5e6ac4",203
1537243200,"1b6453892473a467d07372d45eb05abc2031647a",315
1538874000,"fe5dbbcea5ce7e2988b8c69bcfdfde8904aabc1f",306
1535997600,"356a192b7913b04c54574d18c28d46e6395428ab",252
1538766000,"902ba3cda1883801594b6e1b452790cc53948fda",272
1537754400,"ac3478d69a3c81fa62e60f5c3696165a4e5e6ac4",123
1537423200,"1b6453892473a467d07372d45eb05abc2031647a",324
1535817600,"356a192b7913b04c54574d18c28d46e6395428ab",173
1539144000,"0ade7c2cf97f75d009975f4d720d1fa6c19f4897",324
1538161200,"ac3478d69a3c81fa62e60f5c3696165a4e5e6ac4",305
1536314400,"da4b9237bacccdf19c0760cab7aec4a8359010b0",333
1537920000,"ac3478d69a3c81fa62e60f5c3696165a4e5e6ac4",118
1536577200,"da4b9237bacccdf19c0760cab7aec4a8359010b0",243
1538398800,"902ba3cda1883801594b6e1b452790cc53948fda",283
1535590800,"356a192b7913b04c54574d18c28d46e6395428ab",87
1538481600,"902ba3cda1883801594b6e1b452790cc53948fda",280
1536915600,"1b6453892473a467d07372d45eb05abc2031647a",145
1537858800,"ac3478d69a3c81fa62e60f5c3696165a4e5e6ac4",280
1535655600,"356a192b7913b04c54574d18c28d46e6395428ab",287
1539129600,"0ade7c2cf97f75d009975f4d720d1fa6c19f4897",257
1537617600,"1b6453892473a467d07372d45eb05abc2031647a",244
1538020800,"ac3478d69a3c81fa62e60f5c3696165a4e5e6ac4",101
1538463600,"902ba3cda1883801594b6e1b452790cc53948fda",282
1535940000,"356a192b7913b04c54574d18c28d46e6395428ab",268
1535979600,"356a192b7913b04c54574d18c28d46e6395428ab",196
1535738400,"356a192b7913b04c54574d18c28d46e6395428ab",311
1538323200,"902ba3cda1883801594b6e1b452790cc53948fda",209
1538719200,"902ba3cda1883801594b6e1b452790cc53948fda",119
1535652000,"356a192b7913b04c54574d18c28d46e6395428ab",153
1537999200,"ac3478d69a3c81fa62e60f5c3696165a4e5e6ac4",304
1536094800,"356a192b7913b04c54574d18c28d46e6395428ab",95
1539183600,"0ade7c2cf97f75d009975f4d720d1fa6c19f4897",113
1537588800,"1b6453892473a467d07372d45eb05abc2031647a",121
1538730000,"902ba3cda1883801594b6e1b452790cc53948fda",109
1538737200,"902ba3cda1883801594b6e1b452790cc53948fda",200
1539082800,"fe5dbbcea5ce7e2988b8c69bcfdfde8904aabc1f",261
1538755200,"902ba3cda1883801594b6e1b452790cc53948fda",94
1536566400,"da4b9237bacccdf19c0760cab7aec4a8359010b0",339
1537520400,"1b6453892473a467d07372d45eb05abc2031647a",97
1535644800,"356a192b7913b04c54574d18c28d46e6395428ab",250
1537045200,"1b6453892473a467d07372d45eb05abc2031647a",208
1538956800,"fe5dbbcea5ce7e2988b8c69bcfdfde8904aabc1f",315
1536019200,"356a192b7913b04c54574d18c28d46e6395428ab",288
1537567200,"1b6453892473a467d07372d45eb05abc2031647a",245
1538676000,"902ba3cda1883801594b6e1b452790cc53948fda",205
1538571600,"902ba3cda1883801594b6e1b452790cc53948fda",143
1537668000,"ac3478d69a3c81fa62e60f5c3696165a4e5e6ac4",166
1538924400,"fe5dbbcea5ce7e2988b8c69bcfdfde8904aabc1f",248
1537804800,"ac3478d69a3c81fa62e60f5c3696165a4e5e6ac4",183
1539090000,"fe5dbbcea5ce7e2988b8c69bcfdfde8904aabc1f",109
1537570800,"1b6453892473a467d07372d45eb05abc2031647a",128
1538600400,"902ba3cda1883801594b6e1b452790cc53948fda",297
1538992800,"fe5dbbcea5ce7e2988b8c69bcfdfde8904aabc1f",292
1536134400,"356a192b7913b04c54574d18c28d46e6395428ab",258
1536033600,"356a192b7913b04c54574d18c28d46e6395428ab",206
1538542800,"902ba3cda1883801594b6e1b452790cc53948fda",269
1536498000,"da4b9237bacccdf19c0760cab7aec4a8359010b0",170
1538452800,"902ba3cda1883801594b6e1b452790cc53948fda",206
1536001200,"356a192b7913b04c54574d18c28d46e6395428ab",239
1538532000,"902ba3cda1883801594b6e1b452790cc53948fda",281
1537444800,"1b6453892473a467d07372d45eb05abc2031647a",161
1538528400,"902ba3cda1883801594b6e1b452790cc53948fda",304
1536415200,"da4b9237bacccdf19c0760cab7aec4a8359010b0",116
1537819200,"ac3478d69a3c81fa62e60f5c3696165a4e5e6ac4",316
1538085600,"ac3478d69a3c81fa62e60f5c3696165a4e5e6ac4",302
1536782400,"77de68daecd823babbb58edb1c8e14d7106e83bb",155
1536336000,"da4b9237bacccdf19c0760cab7aec4a8359010b0",164
1538942400,"fe5dbbcea5ce7e2988b8c69bcfdfde8904aabc1f",207
1538082000,"ac3478d69a3c81fa62e60f5c3696165a4e5e6ac4",88
1536843600,"77de68daecd823babbb58edb1c8e14d7106e83bb",165
1538330400,"902ba3cda1883801594b6e1b452790cc53948fda",100
1536296400,"da4b9237bacccdf19c0760cab7aec4a8359010b0",89
1538362800,"902ba3cda1883801594b6e1b452790cc53948fda",131
1538758800,"902ba3cda1883801594b6e1b452790cc53948fda",144
1538154000,"ac3478d69a3c81fa62e60f5c3696165a4e5e6ac4",303
1537369200,"1b6453892473a467d07372d45eb05abc2031647a",112
1536699600,"da4b9237bacccdf19c0760cab7aec4a8359010b0",332
1538985600,"fe5dbbcea5ce7e2988b8c69bcfdfde8904aabc1f",238
1539162000,"0ade7c2cf97f75d009975f4d720d1fa6c19f4897",100
1538668800,"902ba3cda1883801594b6e1b452790cc53948fda",154
1535972400,"356a192b7913b04c54574d18c28d46e6395428ab",138
1538146800,"ac3478d69a3c81fa62e60f5c3696165a4e5e6ac4",304
1537380000,"1b6453892473a467d07372d45eb05abc2031647a",287
1536022800,"356a192b7913b04c54574d18c28d46e6395428ab",160
1536894000,"1b6453892473a467d07372d45eb05abc2031647a",119
1537912800,"ac3478d69a3c81fa62e60f5c3696165a4e5e6ac4",89
1538229600,"c1dfd96eea8cc2b62785275bca38ac261256e278",183
1538496000,"902ba3cda1883801594b6e1b452790cc53948fda",98
1536829200,"77de68daecd823babbb58edb1c8e14d7106e83bb",151
1535670000,"356a192b7913b04c54574d18c28d46e6395428ab",337
1537214400,"1b6453892473a467d07372d45eb05abc2031647a",93
1536210000,"da4b9237bacccdf19c0760cab7aec4a8359010b0",316
1538377200,"902ba3cda1883801594b6e1b452790cc53948fda",119
1536447600,"da4b9237bacccdf19c0760cab7aec4a8359010b0",267
1537894800,"ac3478d69a3c81fa62e60f5c3696165a4e5e6ac4",131
1537401600,"1b6453892473a467d07372d45eb05abc2031647a",293
1536073200,"356a192b7913b04c54574d18c28d46e6395428ab",336
1536991200,"1b6453892473a467d07372d45eb05abc2031647a",229
1537653600,"1b6453892473a467d07372d45eb05abc2031647a",203
1536588000,"da4b9237bacccdf19c0760cab7aec4a8359010b0",228
1535734800,"356a192b7913b04c54574d18c28d46e6395428ab",124
1537142400,"1b6453892473a467d07372d45eb05abc2031647a",165
1538319600,"902ba3cda1883801594b6e1b452790cc53948fda",223
1537099200,"1b6453892473a467d07372d45eb05abc2031647a",95
1535853600,"356a192b7913b04c54574d18c28d46e6395428ab",110
1536904800,"1b6453892473a467d07372d45eb05abc2031647a",258
1538218800,"c1dfd96eea8cc2b62785275bca38ac261256e278",262
1538928000,"fe5dbbcea5ce7e2988b8c69bcfdfde8904aabc1f",179
1537995600,"ac3478d69a3c81fa62e60f5c3696165a4e5e6ac4",208
1537196400,"1b6453892473a467d07372d45eb05abc2031647a",235
1538841600,"fe5dbbcea5ce7e2988b8c69bcfdfde8904aabc1f",246
1538485200,"902ba3cda1883801594b6e1b452790cc53948fda",136
1537574400,"1b6453892473a467d07372d45eb05abc2031647a",160
1536321600,"da4b9237bacccdf19c0760cab7aec4a8359010b0",237
1538805600,"fe5dbbcea5ce7e2988b8c69bcfdfde8904aabc1f",168
1536897600,"1b6453892473a467d07372d45eb05abc2031647a",188
1537596000,"1b6453892473a467d07372d45eb05abc2031647a",187
1538031600,"ac3478d69a3c81fa62e60f5c3696165a4e5e6ac4",144
1538308800,"902ba3cda1883801594b6e1b452790cc53948fda",246
1537538400,"1b6453892473a467d07372d45eb05abc2031647a",174
1537365600,"1b6453892473a467d07372d45eb05abc2031647a",224
1535936400,"356a192b7913b04c54574d18c28d46e6395428ab",108
1536440400,"da4b9237bacccdf19c0760cab7aec4a8359010b0",150
1538373600,"902ba3cda1883801594b6e1b452790cc53948fda",276
1536559200,"da4b9237bacccdf19c0760cab7aec4a8359010b0",210
1536451200,"da4b9237bacccdf19c0760cab7aec4a8359010b0",159
1538118000,"ac3478d69a3c81fa62e60f5c3696165a4e5e6ac4",296
1536145200,"356a192b7913b04c54574d18c28d46e6395428ab",202
1538416800,"902ba3cda1883801594b6e1b452790cc53948fda",233
1537398000,"1b6453892473a467d07372d45eb05abc2031647a",257
1535893200,"356a192b7913b04c54574d18c28d46e6395428ab",119
1536926400,"1b6453892473a467d07372d45eb05abc2031647a",193
1538186400,"c1dfd96eea8cc2b62785275bca38ac261256e278",260
1536933600,"1b6453892473a467d07372d45eb05abc2031647a",279
1537747200,"ac3478d69a3c81fa62e60f5c3696165a4e5e6ac4",86
1536771600,"77de68daecd823babbb58edb1c8e14d7106e83bb",301
1537916400,"ac3478d69a3c81fa62e60f5c3696165a4e5e6ac4",93
1537027200,"1b6453892473a467d07372d45eb05abc2031647a",292
1538679600,"902ba3cda1883801594b6e1b452790cc53948fda",215
1536476400,"da4b9237bacccdf19c0760cab7aec4a8359010b0",337
1536246000,"da4b9237bacccdf19c0760cab7aec4a8359010b0",256
1536814800,"77de68daecd823babbb58edb1c8e14d7106e83bb",266
1537441200,"1b6453892473a467d07372d45eb05abc2031647a",119
1535587200,"356a192b7913b04c54574d18c28d46e6395428ab",156
1538352000,"902ba3cda1883801594b6e1b452790cc53948fda",168
1536400800,"da4b9237bacccdf19c0760cab7aec4a8359010b0",211
1537527600,"1b6453892473a467d07372d45eb05abc2031647a",157
1537394400,"1b6453892473a467d07372d45eb05abc2031647a",286
1535871600,"356a192b7913b04c54574d18c28d46e6395428ab",305
1539054000,"fe5dbbcea5ce7e2988b8c69bcfdfde8904aabc1f",155
1536627600,"da4b9237bacccdf19c0760cab7aec4a8359010b0",174
1536890400,"1b6453892473a467d07372d45eb05abc2031647a",260
1538460000,"902ba3cda1883801594b6e1b452790cc53948fda",180
1538341200,"902ba3cda1883801594b6e1b452790cc53948fda",232
1535943600,"356a192b7913b04c54574d18c28d46e6395428ab",265
1537002000,"1b6453892473a467d07372d45eb05abc2031647a",271
1537030800,"1b6453892473a467d07372d45eb05abc2031647a",300
1538892000,"fe5dbbcea5ce7e2988b8c69bcfdfde8904aabc1f",242
1537250400,"1b6453892473a467d07372d45eb05abc2031647a",183
1537844400,"ac3478d69a3c81fa62e60f5c3696165a4e5e6ac4",238
1535799600,"356a192b7913b04c54574d18c28d46e6395428ab",143
1537700400,"ac3478d69a3c81fa62e60f5c3696165a4e5e6ac4",182
1537826400,"ac3478d69a3c81fa62e60f5c3696165a4e5e6ac4",259
1536634800,"da4b9237bacccdf19c0760cab7aec4a8359010b0",276
1536235200,"da4b9237bacccdf19c0760cab7aec4a8359010b0",243
1536091200,"356a192b7913b04c54574d18c28d46e6395428ab",226
1536962400,"1b6453892473a467d07372d45eb05abc2031647a",288
1537135200,"1b6453892473a467d07372d45eb05abc2031647a",145
1535608800,"356a192b7913b04c54574d18c28d46e6395428ab",165
1536944400,"1b6453892473a467d07372d45eb05abc2031647a",147
1536696000,"da4b9237bacccdf19c0760cab7aec4a8359010b0",260
1539007200,"fe5dbbcea5ce7e2988b8c69bcfdfde8904aabc1f",165
1539025200,"fe5dbbcea5ce7e2988b8c69bcfdfde8904aabc1f",288
1536638400,"da4b9237bacccdf19c0760cab7aec4a8359010b0",241
1538564400,"902ba3cda1883801594b6e1b452790cc53948fda",120
1536609600,"da4b9237bacccdf19c0760cab7aec4a8359010b0",254
1539068400,"fe5dbbcea5ce7e2988b8c69bcfdfde8904aabc1f",188
1535598000,"356a192b7913b04c54574d18c28d46e6395428ab",314
1535868000,"356a192b7913b04c54574d18c28d46e6395428ab",210
1538697600,"902ba3cda1883801594b6e1b452790cc53948fda",207
1537545600,"1b6453892473a467d07372d45eb05abc2031647a",265
1536253200,"da4b9237bacccdf19c0760cab7aec4a8359010b0",225
1536062400,"356a192b7913b04c54574d18c28d46e6395428ab",313
1537736400,"ac3478d69a3c81fa62e60f5c3696165a4e5e6ac4",241
1537948800,"ac3478d69a3c81fa62e60f5c3696165a4e5e6ac4",139
1536436800,"da4b9237bacccdf19c0760cab7aec4a8359010b0",339
1537880400,"ac3478d69a3c81fa62e60f5c3696165a4e5e6ac4",153
1536458400,"da4b9237bacccdf19c0760cab7aec4a8359010b0",151
1537308000,"1b6453892473a467d07372d45eb05abc2031647a",296
1538722800,"902ba3cda1883801594b6e1b452790cc53948fda",330
1538629200,"902ba3cda1883801594b6e1b452790cc53948fda",94
1536372000,"da4b9237bacccdf19c0760cab7aec4a8359010b0",261
1536580800,"da4b9237bacccdf19c0760cab7aec4a8359010b0",295
1536483600,"da4b9237bacccdf19c0760cab7aec4a8359010b0",167
1537171200,"1b6453892473a467d07372d45eb05abc2031647a",204
1536292800,"da4b9237bacccdf19c0760cab7aec4a8359010b0",284
1535958000,"356a192b7913b04c54574d18c28d46e6395428ab",270
1538596800,"902ba3cda1883801594b6e1b452790cc53948fda",281
1539046800,"fe5dbbcea5ce7e2988b8c69bcfdfde8904aabc1f",214
1535925600,"356a192b7913b04c54574d18c28d46e6395428ab",180
1537693200,"ac3478d69a3c81fa62e60f5c3696165a4e5e6ac4",124
1536116400,"356a192b7913b04c54574d18c28d46e6395428ab",87
1538035200,"ac3478d69a3c81fa62e60f5c3696165a4e5e6ac4",339
1538632800,"902ba3cda1883801594b6e1b452790cc53948fda",243
1538287200,"902ba3cda1883801594b6e1b452790cc53948fda",328
1535832000,"356a192b7913b04c54574d18c28d46e6395428ab",194
1535662800,"356a192b7913b04c54574d18c28d46e6395428ab",194
1536908400,"1b6453892473a467d07372d45eb05abc2031647a",144
1536613200,"da4b9237bacccdf19c0760cab7aec4a8359010b0",222
1538010000,"ac3478d69a3c81fa62e60f5c3696165a4e5e6ac4",254
1535770800,"356a192b7913b04c54574d18c28d46e6395428ab",94
1537390800,"1b6453892473a467d07372d45eb05abc2031647a",170
1537246800,"1b6453892473a467d07372d45eb05abc2031647a",121
1535857200,"356a192b7913b04c54574d18c28d46e6395428ab",318
1538114400,"ac3478d69a3c81fa62e60f5c3696165a4e5e6ac4",235
1536861600,"77de68daecd823babbb58edb1c8e14d7106e83bb",208
1536688800,"da4b9237bacccdf19c0760cab7aec4a8359010b0",272
1537974000,"ac3478d69a3c81fa62e60f5c3696165a4e5e6ac4",334
1538920800,"fe5dbbcea5ce7e2988b8c69bcfdfde8904aabc1f",89
1535659200,"356a192b7913b04c54574d18c28d46e6395428ab",197
1535752800,"356a192b7913b04c54574d18c28d46e6395428ab",290
1536382800,"da4b9237bacccdf19c0760cab7aec4a8359010b0",231
1537758000,"ac3478d69a3c81fa62e60f5c3696165a4e5e6ac4",90
1538895600,"fe5dbbcea5ce7e2988b8c69bcfdfde8904aabc1f",266
1538179200,"c1dfd96eea8cc2b62785275bca38ac261256e278",91
1538053200,"ac3478d69a3c81fa62e60f5c3696165a4e5e6ac4",89
1538780400,"fe5dbbcea5ce7e2988b8c69bcfdfde8904aabc1f",187
1538856000,"fe5dbbcea5ce7e2988b8c69bcfdfde8904aabc1f",157
1538701200,"902ba3cda1883801594b6e1b452790cc53948fda",237
1536030000,"356a192b7913b04c54574d18c28d46e6395428ab",322
1538247600,"c1dfd96eea8cc2b62785275bca38ac261256e278",172
1537552800,"1b6453892473a467d07372d45eb05abc2031647a",226
1536123600,"356a192b7913b04c54574d18c28d46e6395428ab",148
1537074000,"1b6453892473a467d07372d45eb05abc2031647a",157
1536541200,"da4b9237bacccdf19c0760cab7aec4a8359010b0",163
1536912000,"1b6453892473a467d07372d45eb05abc2031647a",235
1536724800,"77de68daecd823babbb58edb1c8e14d7106e83bb",149
1539097200,"fe5dbbcea5ce7e2988b8c69bcfdfde8904aabc1f",256
1535835600,"356a192b7913b04c54574d18c28d46e6395428ab",107
1536825600,"77de68daecd823babbb58edb1c8e14d7106e83bb",321
1539086400,"fe5dbbcea5ce7e2988b8c69bcfdfde8904aabc1f",234
1536454800,"da4b9237bacccdf19c0760cab7aec4a8359010b0",305
1536548400,"da4b9237bacccdf19c0760cab7aec4a8359010b0",99
1537952400,"ac3478d69a3c81fa62e60f5c3696165a4e5e6ac4",162
1538283600,"902ba3cda1883801594b6e1b452790cc53948fda",225
1537711200,"ac3478d69a3c81fa62e60f5c3696165a4e5e6ac4",241
1539072000,"fe5dbbcea5ce7e2988b8c69bcfdfde8904aabc1f",176
1538028000,"ac3478d69a3c81fa62e60f5c3696165a4e5e6ac4",335
1536188400,"da4b9237bacccdf19c0760cab7aec4a8359010b0",277
1535904000,"356a192b7913b04c54574d18c28d46e6395428ab",311
1537358400,"1b6453892473a467d07372d45eb05abc2031647a",338
1536166800,"356a192b7913b04c54574d18c28d46e6395428ab",116
1536811200,"77de68daecd823babbb58edb1c8e14d7106e83bb",185
1535976000,"356a192b7913b04c54574d18c28d46e6395428ab",192
1537023600,"1b6453892473a467d07372d45eb05abc2031647a",256
1538334000,"902ba3cda1883801594b6e1b452790cc53948fda",246
1536433200,"da4b9237bacccdf19c0760cab7aec4a8359010b0",206
1536098400,"356a192b7913b04c54574d18c28d46e6395428ab",335
1537941600,"ac3478d69a3c81fa62e60f5c3696165a4e5e6ac4",96
1538355600,"902ba3cda1883801594b6e1b452790cc53948fda",224
1539003600,"fe5dbbcea5ce7e2988b8c69bcfdfde8904aabc1f",306
1539093600,"fe5dbbcea5ce7e2988b8c69bcfdfde8904aabc1f",280
1537272000,"1b6453892473a467d07372d45eb05abc2031647a",225
1536714000,"77de68daecd823babbb58edb1c8e14d7106e83bb",106
1536721200,"77de68daecd823babbb58edb1c8e14d7106e83bb",157
1536465600,"da4b9237bacccdf19c0760cab7aec4a8359010b0",208
1538467200,"902ba3cda1883801594b6e1b452790cc53948fda",102
1537034400,"1b6453892473a467d07372d45eb05abc2031647a",318
1537203600,"1b6453892473a467d07372d45eb05abc2031647a",206
1536501600,"da4b9237bacccdf19c0760cab7aec4a8359010b0",228
1535763600,"356a192b7913b04c54574d18c28d46e6395428ab",257
1535929200,"356a192b7913b04c54574d18c28d46e6395428ab",218
1537556400,"1b6453892473a467d07372d45eb05abc2031647a",198
1535875200,"356a192b7913b04c54574d18c28d46e6395428ab",156
1538560800,"902ba3cda1883801594b6e1b452790cc53948fda",138
1538301600,"902ba3cda1883801594b6e1b452790cc53948fda",121
1538233200,"c1dfd96eea8cc2b62785275bca38ac261256e278",125
1538614800,"902ba3cda1883801594b6e1b452790cc53948fda",201
1538254800,"c1dfd96eea8cc2b62785275bca38ac261256e278",270
1538172000,"ac3478d69a3c81fa62e60f5c3696165a4e5e6ac4",270
1538384400,"902ba3cda1883801594b6e1b452790cc53948fda",239
1537682400,"ac3478d69a3c81fa62e60f5c3696165a4e5e6ac4",106
1535911200,"356a192b7913b04c54574d18c28d46e6395428ab",174
1538110800,"ac3478d69a3c81fa62e60f5c3696165a4e5e6ac4",125
1536951600,"1b6453892473a467d07372d45eb05abc2031647a",329
1539100800,"fe5dbbcea5ce7e2988b8c69bcfdfde8904aabc1f",334
1536868800,"77de68daecd823babbb58edb1c8e14d7106e83bb",150
1537729200,"ac3478d69a3c81fa62e60f5c3696165a4e5e6ac4",281
1536012000,"356a192b7913b04c54574d18c28d46e6395428ab",128
1538071200,"ac3478d69a3c81fa62e60f5c3696165a4e5e6ac4",199
1536354000,"da4b9237bacccdf19c0760cab7aec4a8359010b0",151
1538834400,"fe5dbbcea5ce7e2988b8c69bcfdfde8904aabc1f",130
1536055200,"356a192b7913b04c54574d18c28d46e6395428ab",132
1538859600,"fe5dbbcea5ce7e2988b8c69bcfdfde8904aabc1f",121
1538650800,"902ba3cda1883801594b6e1b452790cc53948fda",285
1537293600,"1b6453892473a467d07372d45eb05abc2031647a",188
1537732800,"ac3478d69a3c81fa62e60f5c3696165a4e5e6ac4",109
1537434000,"1b6453892473a467d07372d45eb05abc2031647a",173
1537016400,"1b6453892473a467d07372d45eb05abc2031647a",174
1535889600,"356a192b7913b04c54574d18c28d46e6395428ab",269
1537495200,"1b6453892473a467d07372d45eb05abc2031647a",130
1538226000,"c1dfd96eea8cc2b62785275bca38ac261256e278",243
1538456400,"902ba3cda1883801594b6e1b452790cc53948fda",141
1535947200,"356a192b7913b04c54574d18c28d46e6395428ab",270
1536555600,"da4b9237bacccdf19c0760cab7aec4a8359010b0",95
1535986800,"356a192b7913b04c54574d18c28d46e6395428ab",243
1538989200,"fe5dbbcea5ce7e2988b8c69bcfdfde8904aabc1f",300
1538089200,"ac3478d69a3c81fa62e60f5c3696165a4e5e6ac4",91
1537153200,"1b6453892473a467d07372d45eb05abc2031647a",246
1538751600,"902ba3cda1883801594b6e1b452790cc53948fda",167
1536649200,"da4b9237bacccdf19c0760cab7aec4a8359010b0",167
1538002800,"ac3478d69a3c81fa62e60f5c3696165a4e5e6ac4",88
1539180000,"0ade7c2cf97f75d009975f4d720d1fa6c19f4897",300
1536872400,"77de68daecd823babbb58edb1c8e14d7106e83bb",238
1536271200,"da4b9237bacccdf19c0760cab7aec4a8359010b0",238
1536656400,"da4b9237bacccdf19c0760cab7aec4a8359010b0",296
1536512400,"da4b9237bacccdf19c0760cab7aec4a8359010b0",300
1537333200,"1b6453892473a467d07372d45eb05abc2031647a",232
1538539200,"902ba3cda1883801594b6e1b452790cc53948fda",154
1538931600,"fe5dbbcea5ce7e2988b8c69bcfdfde8904aabc1f",186
1536760800,"77de68daecd823babbb58edb1c8e14d7106e83bb",145
1536544800,"da4b9237bacccdf19c0760cab7aec4a8359010b0",235
1536249600,"da4b9237bacccdf19c0760cab7aec4a8359010b0",320
1535601600,"356a192b7913b04c54574d18c28d46e6395428ab",98
1538107200,"ac3478d69a3c81fa62e60f5c3696165a4e5e6ac4",203
1535803200,"356a192b7913b04c54574d18c28d46e6395428ab",133
1536685200,"da4b9237bacccdf19c0760cab7aec4a8359010b0",221
1537902000,"ac3478d69a3c81fa62e60f5c3696165a4e5e6ac4",337
1537794000,"ac3478d69a3c81fa62e60f5c3696165a4e5e6ac4",128
1536948000,"1b6453892473a467d07372d45eb05abc2031647a",335
1538654400,"902ba3cda1883801594b6e1b452790cc53948fda",300
1537686000,"ac3478d69a3c81fa62e60f5c3696165a4e5e6ac4",200
1537610400,"1b6453892473a467d07372d45eb05abc2031647a",293
1536048000,"356a192b7913b04c54574d18c28d46e6395428ab",150
1539122400,"fe5dbbcea5ce7e2988b8c69bcfdfde8904aabc1f",109
1538258400,"c1dfd96eea8cc2b62785275bca38ac261256e278",198
1536530400,"da4b9237bacccdf19c0760cab7aec4a8359010b0",274
1537603200,"1b6453892473a467d07372d45eb05abc2031647a",309
1535990400,"356a192b7913b04c54574d18c28d46e6395428ab",244
1535907600,"356a192b7913b04c54574d18c28d46e6395428ab",122
1538769600,"902ba3cda1883801594b6e1b452790cc53948fda",102
1535781600,"356a192b7913b04c54574d18c28d46e6395428ab",269
1535691600,"356a192b7913b04c54574d18c28d46e6395428ab",86
1538064000,"ac3478d69a3c81fa62e60f5c3696165a4e5e6ac4",302
1537020000,"1b6453892473a467d07372d45eb05abc2031647a",339
1538251200,"c1dfd96eea8cc2b62785275bca38ac261256e278",279
1539028800,"fe5dbbcea5ce7e2988b8c69bcfdfde8904aabc1f",194
1536159600,"356a192b7913b04c54574d18c28d46e6395428ab",207
1537470000,"1b6453892473a467d07372d45eb05abc2031647a",186
1536793200,"77de68daecd823babbb58edb1c8e14d7106e83bb",254
1537005600,"1b6453892473a467d07372d45eb05abc2031647a",305
1536318000,"da4b9237bacccdf19c0760cab7aec4a8359010b0",94
1538143200,"ac3478d69a3c81fa62e60f5c3696165a4e5e6ac4",243
1539176400,"0ade7c2cf97f75d009975f4d720d1fa6c19f4897",290
1538388000,"902ba3cda1883801594b6e1b452790cc53948fda",180
1536379200,"da4b9237bacccdf19c0760cab7aec4a8359010b0",219
1538244000,"c1dfd96eea8cc2b62785275bca38ac261256e278",226
1538402400,"902ba3cda1883801594b6e1b452790cc53948fda",210
1536678000,"da4b9237bacccdf19c0760cab7aec4a8359010b0",126
1535630400,"356a192b7913b04c54574d18c28d46e6395428ab",266
1538604000,"902ba3cda1883801594b6e1b452790cc53948fda",122
1536922800,"1b6453892473a467d07372d45eb05abc2031647a",93
1536667200,"da4b9237bacccdf19c0760cab7aec4a8359010b0",226
1536170400,"356a192b7913b04c54574d18c28d46e6395428ab",185
1537646400,"1b6453892473a467d07372d45eb05abc2031647a",102
1537549200,"1b6453892473a467d07372d45eb05abc2031647a",303
1537117200,"1b6453892473a467d07372d45eb05abc2031647a",151
1537801200,"ac3478d69a3c81fa62e60f5c3696165a4e5e6ac4",199
1536138000,"356a192b7913b04c54574d18c28d46e6395428ab",188
1537416000,"1b6453892473a467d07372d45eb05abc2031647a",318
1539064800,"fe5dbbcea5ce7e2988b8c69bcfdfde8904aabc1f",232
1536973200,"1b6453892473a467d07372d45eb05abc2031647a",247
1535684400,"356a192b7913b04c54574d18c28d46e6395428ab",246
1538125200,"ac3478d69a3c81fa62e60f5c3696165a4e5e6ac4",305
1536591600,"da4b9237bacccdf19c0760cab7aec4a8359010b0",315
1537048800,"1b6453892473a467d07372d45eb05abc2031647a",123
1537383600,"1b6453892473a467d07372d45eb05abc2031647a",254
1536015600,"356a192b7913b04c54574d18c28d46e6395428ab",279
1536152400,"356a192b7913b04c54574d18c28d46e6395428ab",325
1537189200,"1b6453892473a467d07372d45eb05abc2031647a",205
1536429600,"da4b9237bacccdf19c0760cab7aec4a8359010b0",145
1537722000,"ac3478d69a3c81fa62e60f5c3696165a4e5e6ac4",199
1536422400,"da4b9237bacccdf19c0760cab7aec4a8359010b0",228
1537923600,"ac3478d69a3c81fa62e60f5c3696165a4e5e6ac4",155
1538222400,"c1dfd96eea8cc2b62785275bca38ac261256e278",293
1536386400,"da4b9237bacccdf19c0760cab7aec4a8359010b0",182
1535731200,"356a192b7913b04c54574d18c28d46e6395428ab",179
1538906400,"fe5dbbcea5ce7e2988b8c69bcfdfde8904aabc1f",213
1538492400,"902ba3cda1883801594b6e1b452790cc53948fda",112
1539039600,"fe5dbbcea5ce7e2988b8c69bcfdfde8904aabc1f",237
1537707600,"ac3478d69a3c81fa62e60f5c3696165a4e5e6ac4",309
1536778800,"77de68daecd823babbb58edb1c8e14d7106e83bb",142
1536444000,"da4b9237bacccdf19c0760cab7aec4a8359010b0",167
1538618400,"902ba3cda1883801594b6e1b452790cc53948fda",205
1537664400,"ac3478d69a3c81fa62e60f5c3696165a4e5e6ac4",102
1537009200,"1b6453892473a467d07372d45eb05abc2031647a",243
1536217200,"da4b9237bacccdf19c0760cab7aec4a8359010b0",103
1538438400,"902ba3cda1883801594b6e1b452790cc53948fda",153
1535767200,"356a192b7913b04c54574d18c28d46e6395428ab",187
1536663600,"da4b9237bacccdf19c0760cab7aec4a8359010b0",331
1535709600,"356a192b7913b04c54574d18c28d46e6395428ab",275
1537120800,"1b6453892473a467d07372d45eb05abc2031647a",222
1535626800,"356a192b7913b04c54574d18c28d46e6395428ab",235
1535619600,"356a192b7913b04c54574d18c28d46e6395428ab",117
1537696800,"ac3478d69a3c81fa62e60f5c3696165a4e5e6ac4",266
1538661600,"902ba3cda1883801594b6e1b452790cc53948fda",288
1537772400,"ac3478d69a3c81fa62e60f5c3696165a4e5e6ac4",261
1538013600,"ac3478d69a3c81fa62e60f5c3696165a4e5e6ac4",336
1537776000,"ac3478d69a3c81fa62e60f5c3696165a4e5e6ac4",269
1537509600,"1b6453892473a467d07372d45eb05abc2031647a",281
1537336800,"1b6453892473a467d07372d45eb05abc2031647a",239
1538100000,"ac3478d69a3c81fa62e60f5c3696165a4e5e6ac4",309
1537138800,"1b6453892473a467d07372d45eb05abc2031647a",262
1537300800,"1b6453892473a467d07372d45eb05abc2031647a",198
1536181200,"356a192b7913b04c54574d18c28d46e6395428ab",277
1538830800,"fe5dbbcea5ce7e2988b8c69bcfdfde8904aabc1f",265
1538042400,"ac3478d69a3c81fa62e60f5c3696165a4e5e6ac4",144
1539115200,"fe5dbbcea5ce7e2988b8c69bcfdfde8904aabc1f",137
1538434800,"902ba3cda1883801594b6e1b452790cc53948fda",120
1535810400,"356a192b7913b04c54574d18c28d46e6395428ab",231
1537185600,"1b6453892473a467d07372d45eb05abc2031647a",259
1538103600,"ac3478d69a3c81fa62e60f5c3696165a4e5e6ac4",212
1535677200,"356a192b7913b04c54574d18c28d46e6395428ab",205
1536058800,"356a192b7913b04c54574d18c28d46e6395428ab",214
1536786000,"77de68daecd823babbb58edb1c8e14d7106e83bb",230
1535860800,"356a192b7913b04c54574d18c28d46e6395428ab",130
1536573600,"da4b9237bacccdf19c0760cab7aec4a8359010b0",303
1536616800,"da4b9237bacccdf19c0760cab7aec4a8359010b0",184
1537621200,"1b6453892473a467d07372d45eb05abc2031647a",158
1538197200,"c1dfd96eea8cc2b62785275bca38ac261256e278",250
1537718400,"ac3478d69a3c81fa62e60f5c3696165a4e5e6ac4",129
1536757200,"77de68daecd823babbb58edb1c8e14d7106e83bb",211
1537513200,"1b6453892473a467d07372d45eb05abc2031647a",112
1538413200,"902ba3cda1883801594b6e1b452790cc53948fda",266
1537268400,"1b6453892473a467d07372d45eb05abc2031647a",119
1537956000,"ac3478d69a3c81fa62e60f5c3696165a4e5e6ac4",117
1538517600,"902ba3cda1883801594b6e1b452790cc53948fda",218
1537041600,"1b6453892473a467d07372d45eb05abc2031647a",279
1536537600,"da4b9237bacccdf19c0760cab7aec4a8359010b0",143
1537869600,"ac3478d69a3c81fa62e60f5c3696165a4e5e6ac4",158
1538478000,"902ba3cda1883801594b6e1b452790cc53948fda",172
1536300000,"da4b9237bacccdf19c0760cab7aec4a8359010b0",236
1539111600,"fe5dbbcea5ce7e2988b8c69bcfdfde8904aabc1f",265
1538888400,"fe5dbbcea5ce7e2988b8c69bcfdfde8904aabc1f",296
1537930800,"ac3478d69a3c81fa62e60f5c3696165a4e5e6ac4",190
1536328800,"da4b9237bacccdf19c0760cab7aec4a8359010b0",320
1538503200,"902ba3cda1883801594b6e1b452790cc53948fda",255
1535882400,"356a192b7913b04c54574d18c28d46e6395428ab",98
1536606000,"da4b9237bacccdf19c0760cab7aec4a8359010b0",260
1536325200,"da4b9237bacccdf19c0760cab7aec4a8359010b0",129
1538607600,"902ba3cda1883801594b6e1b452790cc53948fda",190
1539000000,"fe5dbbcea5ce7e2988b8c69bcfdfde8904aabc1f",108
1536969600,"1b6453892473a467d07372d45eb05abc2031647a",124
1538960400,"fe5dbbcea5ce7e2988b8c69bcfdfde8904aabc1f",242
1536940800,"1b6453892473a467d07372d45eb05abc2031647a",327
1536411600,"da4b9237bacccdf19c0760cab7aec4a8359010b0",141
1537452000,"1b6453892473a467d07372d45eb05abc2031647a",229
1538910000,"fe5dbbcea5ce7e2988b8c69bcfdfde8904aabc1f",307
1536044400,"356a192b7913b04c54574d18c28d46e6395428ab",278
1536350400,"da4b9237bacccdf19c0760cab7aec4a8359010b0",311
1538326800,"902ba3cda1883801594b6e1b452790cc53948fda",316
1538359200,"902ba3cda1883801594b6e1b452790cc53948fda",145
1538366400,"902ba3cda1883801594b6e1b452790cc53948fda",147
1538128800,"ac3478d69a3c81fa62e60f5c3696165a4e5e6ac4",230
1537938000,"ac3478d69a3c81fa62e60f5c3696165a4e5e6ac4",217
1536937200,"1b6453892473a467d07372d45eb05abc2031647a",287
1537822800,"ac3478d69a3c81fa62e60f5c3696165a4e5e6ac4",187
1537786800,"ac3478d69a3c81fa62e60f5c3696165a4e5e6ac4",287
1537437600,"1b6453892473a467d07372d45eb05abc2031647a",199
1536858000,"77de68daecd823babbb58edb1c8e14d7106e83bb",159
1536375600,"da4b9237bacccdf19c0760cab7aec4a8359010b0",92
1537059600,"1b6453892473a467d07372d45eb05abc2031647a",236
1539136800,"0ade7c2cf97f75d009975f4d720d1fa6c19f4897",336
1537966800,"ac3478d69a3c81fa62e60f5c3696165a4e5e6ac4",201
1537113600,"1b6453892473a467d07372d45eb05abc2031647a",269
1537840800,"ac3478d69a3c81fa62e60f5c3696165a4e5e6ac4",238
1537689600,"ac3478d69a3c81fa62e60f5c3696165a4e5e6ac4",208
1536267600,"da4b9237bacccdf19c0760cab7aec4a8359010b0",338
1539172800,"0ade7c2cf97f75d009975f4d720d1fa6c19f4897",100
1535983200,"356a192b7913b04c54574d18c28d46e6395428ab",193
1537488000,"1b6453892473a467d07372d45eb05abc2031647a",212
1538694000,"902ba3cda1883801594b6e1b452790cc53948fda",299
1536206400,"da4b9237bacccdf19c0760cab7aec4a8359010b0",277
1536753600,"77de68daecd823babbb58edb1c8e14d7106e83bb",113
1539079200,"fe5dbbcea5ce7e2988b8c69bcfdfde8904aabc1f",233
1537329600,"1b6453892473a467d07372d45eb05abc2031647a",233
1535594400,"356a192b7913b04c54574d18c28d46e6395428ab",167
1537167600,"1b6453892473a467d07372d45eb05abc2031647a",104
1537081200,"1b6453892473a467d07372d45eb05abc2031647a",156
1536901200,"1b6453892473a467d07372d45eb05abc2031647a",224
1537228800,"1b6453892473a467d07372d45eb05abc2031647a",161
1538521200,"902ba3cda1883801594b6e1b452790cc53948fda",103
1536264000,"da4b9237bacccdf19c0760cab7aec4a8359010b0",288
1536980400,"1b6453892473a467d07372d45eb05abc2031647a",281
1538708400,"902ba3cda1883801594b6e1b452790cc53948fda",157
1535612400,"356a192b7913b04c54574d18c28d46e6395428ab",305
1536652800,"da4b9237bacccdf19c0760cab7aec4a8359010b0",225
1536310800,"da4b9237bacccdf19c0760cab7aec4a8359010b0",306
1536631200,"da4b9237bacccdf19c0760cab7aec4a8359010b0",168
1536883200,"1b6453892473a467d07372d45eb05abc2031647a",182
1537992000,"ac3478d69a3c81fa62e60f5c3696165a4e5e6ac4",292
1536976800,"1b6453892473a467d07372d45eb05abc2031647a",193
1536174000,"356a192b7913b04c54574d18c28d46e6395428ab",320
1538060400,"ac3478d69a3c81fa62e60f5c3696165a4e5e6ac4",160
1536242400,"da4b9237bacccdf19c0760cab7aec4a8359010b0",265
1535796000,"356a192b7913b04c54574d18c28d46e6395428ab",326
1536282000,"da4b9237bacccdf19c0760cab7aec4a8359010b0",225
1536199200,"da4b9237bacccdf19c0760cab7aec4a8359010b0",138
1537419600,"1b6453892473a467d07372d45eb05abc2031647a",324
1537660800,"ac3478d69a3c81fa62e60f5c3696165a4e5e6ac4",154
1536285600,"da4b9237bacccdf19c0760cab7aec4a8359010b0",228
1536260400,"da4b9237bacccdf19c0760cab7aec4a8359010b0",210
1536357600,"da4b9237bacccdf19c0760cab7aec4a8359010b0",334
1536768000,"77de68daecd823babbb58edb1c8e14d7106e83bb",111
1538078400,"ac3478d69a3c81fa62e60f5c3696165a4e5e6ac4",154
1538348400,"902ba3cda1883801594b6e1b452790cc53948fda",285
1537455600,"1b6453892473a467d07372d45eb05abc2031647a",251
1537815600,"ac3478d69a3c81fa62e60f5c3696165a4e5e6ac4",149
1537491600,"1b6453892473a467d07372d45eb05abc2031647a",316
1537848000,"ac3478d69a3c81fa62e60f5c3696165a4e5e6ac4",175
1537524000,"1b6453892473a467d07372d45eb05abc2031647a",149
1536732000,"77de68daecd823babbb58edb1c8e14d7106e83bb",146
1538589600,"902ba3cda1883801594b6e1b452790cc53948fda",149
1536361200,"da4b9237bacccdf19c0760cab7aec4a8359010b0",116
1538136000,"ac3478d69a3c81fa62e60f5c3696165a4e5e6ac4",107
1538409600,"902ba3cda1883801594b6e1b452790cc53948fda",103
1538474400,"902ba3cda1883801594b6e1b452790cc53948fda",150
1538514000,"902ba3cda1883801594b6e1b452790cc53948fda",194
1538967600,"fe5dbbcea5ce7e2988b8c69bcfdfde8904aabc1f",96
1536256800,"da4b9237bacccdf19c0760cab7aec4a8359010b0",186
1539104400,"fe5dbbcea5ce7e2988b8c69bcfdfde8904aabc1f",324
1538798400,"fe5dbbcea5ce7e2988b8c69bcfdfde8904aabc1f",316
1536710400,"77de68daecd823babbb58edb1c8e14d7106e83bb",206
1536750000,"77de68daecd823babbb58edb1c8e14d7106e83bb",235
1536192000,"da4b9237bacccdf19c0760cab7aec4a8359010b0",318
1537988400,"ac3478d69a3c81fa62e60f5c3696165a4e5e6ac4",201
1537146000,"1b6453892473a467d07372d45eb05abc2031647a",211
1537070400,"1b6453892473a467d07372d45eb05abc2031647a",98
1535806800,"356a192b7913b04c54574d18c28d46e6395428ab",133
1537977600,"ac3478d69a3c81fa62e60f5c3696165a4e5e6ac4",260
1536224400,"da4b9237bacccdf19c0760cab7aec4a8359010b0",100
1538863200,"fe5dbbcea5ce7e2988b8c69bcfdfde8904aabc1f",338
1536804000,"77de68daecd823babbb58edb1c8e14d7106e83bb",216
1538953200,"fe5dbbcea5ce7e2988b8c69bcfdfde8904aabc1f",262
1537207200,"1b6453892473a467d07372d45eb05abc2031647a",281
1538121600,"ac3478d69a3c81fa62e60f5c3696165a4e5e6ac4",283
1537387200,"1b6453892473a467d07372d45eb05abc2031647a",240
1538686800,"902ba3cda1883801594b6e1b452790cc53948fda",291
1536847200,"77de68daecd823babbb58edb1c8e14d7106e83bb",152
1537473600,"1b6453892473a467d07372d45eb05abc2031647a",215
1537311600,"1b6453892473a467d07372d45eb05abc2031647a",315
1537761600,"ac3478d69a3c81fa62e60f5c3696165a4e5e6ac4",316
1538024400,"ac3478d69a3c81fa62e60f5c3696165a4e5e6ac4",181
1537768800,"ac3478d69a3c81fa62e60f5c3696165a4e5e6ac4",304
1536886800,"1b6453892473a467d07372d45eb05abc2031647a",335
1538568000,"902ba3cda1883801594b6e1b452790cc53948fda",148
1536800400,"77de68daecd823babbb58edb1c8e14d7106e83bb",88
1536505200,"da4b9237bacccdf19c0760cab7aec4a8359010b0",284
1538168400,"ac3478d69a3c81fa62e60f5c3696165a4e5e6ac4",292
1538578800,"902ba3cda1883801594b6e1b452790cc53948fda",216
1537981200,"ac3478d69a3c81fa62e60f5c3696165a4e5e6ac4",336
1537275600,"1b6453892473a467d07372d45eb05abc2031647a",310
1538067600,"ac3478d69a3c81fa62e60f5c3696165a4e5e6ac4",255
1538370000,"902ba3cda1883801594b6e1b452790cc53948fda",301
1537344000,"1b6453892473a467d07372d45eb05abc2031647a",92
1536472800,"da4b9237bacccdf19c0760cab7aec4a8359010b0",152
1536008400,"356a192b7913b04c54574d18c28d46e6395428ab",326
1535648400,"356a192b7913b04c54574d18c28d46e6395428ab",273
1538996400,"fe5dbbcea5ce7e2988b8c69bcfdfde8904aabc1f",239
1538658000,"902ba3cda1883801594b6e1b452790cc53948fda",130
1536184800,"356a192b7913b04c54574d18c28d46e6395428ab",136
1535749200,"356a192b7913b04c54574d18c28d46e6395428ab",210
1536303600,"da4b9237bacccdf19c0760cab7aec4a8359010b0",184
1536865200,"77de68daecd823babbb58edb1c8e14d7106e83bb",174
1537340400,"1b6453892473a467d07372d45eb05abc2031647a",118
1537783200,"ac3478d69a3c81fa62e60f5c3696165a4e5e6ac4",326
1537876800,"ac3478d69a3c81fa62e60f5c3696165a4e5e6ac4",262
1535778000,"356a192b7913b04c54574d18c28d46e6395428ab",217
1536346800,"da4b9237bacccdf19c0760cab7aec4a8359010b0",294
1536987600,"1b6453892473a467d07372d45eb05abc2031647a",172
1538312400,"902ba3cda1883801594b6e1b452790cc53948fda",304
1535828400,"356a192b7913b04c54574d18c28d46e6395428ab",255
1535680800,"356a192b7913b04c54574d18c28d46e6395428ab",330
1535774400,"356a192b7913b04c54574d18c28d46e6395428ab",164
1537261200,"1b6453892473a467d07372d45eb05abc2031647a",227
1536818400,"77de68daecd823babbb58edb1c8e14d7106e83bb",311
1536364800,"da4b9237bacccdf19c0760cab7aec4a8359010b0",276
1536703200,"da4b9237bacccdf19c0760cab7aec4a8359010b0",253
1536840000,"77de68daecd823babbb58edb1c8e14d7106e83bb",250
1538557200,"902ba3cda1883801594b6e1b452790cc53948fda",184
1537297200,"1b6453892473a467d07372d45eb05abc2031647a",92
1536289200,"da4b9237bacccdf19c0760cab7aec4a8359010b0",253
1535637600,"356a192b7913b04c54574d18c28d46e6395428ab",273
1538017200,"ac3478d69a3c81fa62e60f5c3696165a4e5e6ac4",254
1536955200,"1b6453892473a467d07372d45eb05abc2031647a",150
1537264800,"1b6453892473a467d07372d45eb05abc2031647a",254
1537959600,"ac3478d69a3c81fa62e60f5c3696165a4e5e6ac4",318
1539010800,"fe5dbbcea5ce7e2988b8c69bcfdfde8904aabc1f",324
1537430400,"1b6453892473a467d07372d45eb05abc2031647a",122
1535850000,"356a192b7913b04c54574d18c28d46e6395428ab",294
1538049600,"ac3478d69a3c81fa62e60f5c3696165a4e5e6ac4",109
1535846400,"356a192b7913b04c54574d18c28d46e6395428ab",341
1537354800,"1b6453892473a467d07372d45eb05abc2031647a",197
1536127200,"356a192b7913b04c54574d18c28d46e6395428ab",99
1536660000,"da4b9237bacccdf19c0760cab7aec4a8359010b0",317
1538236800,"c1dfd96eea8cc2b62785275bca38ac261256e278",282
1536213600,"da4b9237bacccdf19c0760cab7aec4a8359010b0",216
1538265600,"902ba3cda1883801594b6e1b452790cc53948fda",233
1537516800,"1b6453892473a467d07372d45eb05abc2031647a",294
1539133200,"0ade7c2cf97f75d009975f4d720d1fa6c19f4897",164
1536681600,"da4b9237bacccdf19c0760cab7aec4a8359010b0",296
1539154800,"0ade7c2cf97f75d009975f4d720d1fa6c19f4897",206
1535886000,"356a192b7913b04c54574d18c28d46e6395428ab",254
1535994000,"356a192b7913b04c54574d18c28d46e6395428ab",300
1538380800,"902ba3cda1883801594b6e1b452790cc53948fda",331
1537351200,"1b6453892473a467d07372d45eb05abc2031647a",324
